"Manufacturer Part Number" ,"Manufacturer"           ,"SymbolName"           ,"SymbolLibrary"                              ,"FootprintName"                    ,"FootprintLibrary"                                         ,"FootprintName2" ,"FootprintLibrary2" ,"Supplier 1" ,"Supplier Part Number 1"  ,"Supplier 2" ,"Supplier Part Number 2" ,"Supplier 3" ,"Supplier Part Number 3" ,"Description"                                                                                                                    ,"ComponentLink1Description" ,"ComponentLink1URL"                                                                                                                ,"ComponentLink2Description" ,"ComponentLink2URL"                                                                                                                                                ,"ComponentLink3Description" ,"ComponentLink3URL"                                                                                                                                                                 ,"ComponentLink4Description" ,"ComponentLink4URL"                                                                                                                                                    ,"ComponentLink5Description" ,"ComponentLink5URL"
"DM3BT-DSF-PEJS"           ,"Hirose Electric Co Ltd" ,"DM3BT-DSF-PEJS"       ,"symbols/hirose/dm3bt-dsf-pejs.SchLib"       ,"HIROSE_DM3BT"                     ,"footprints/hirose/hirose_dm3bt.PcbLib"                    ,""               ,""                  ,"DigiKey"    ,"HR1942CT-ND"             ,"LCSC"       ,"C597972"                ,"Mouser"     ,"798-DM3BT-DSF-PEJS"     ,"CONN MICRO SD R/A PUSH-PUSH SMD"                                                                                                ,"Datasheet"                 ,"https://www.hirose.com/product/document?clcode=CL0609-0033-6-00&documentid=D49662_en&documenttype=Catalog&lang=en&productname=DM3AT-SF-PEJ2M5&series=DM3",""                          ,""                                                                                                                                                                 ,""                          ,""                                                                                                                                                                                  ,""                          ,""                                                                                                                                                                     ,""                          ,""
"FTSH-107-01-L-DV-K-A"     ,"Samtec"                 ,"FTSH-107-01-L-DV-K-A" ,"symbols/samtec/ftsh-107-01-l-dv-k-a.SchLib" ,"SAMTEC_FTSH-107-01-L-DV-K-A"      ,"footprints/samtec/samtec_ftsh-107-01-l-dv-k-a.PcbLib"     ,""               ,""                  ,"DigiKey"    ,"FTSH-107-01-L-DV-K-A-ND" ,"LCSC"       ,"C5563894"               ,"Mouser"     ,"200-FTSH10701LDVKA"     ,"Connector Header Surface Mount 14 position 0.050"" (1.27mm)"                                                                    ,"Datasheet"                 ,"https://mm.digikey.com/Volume0/opasdata/d220001/medias/docus/6209/ftsh-1xx-xx-xxx-dv-xxx-xxx-x-xx-mkt.pdf"                        ,""                          ,""                                                                                                                                                                 ,""                          ,""                                                                                                                                                                                  ,""                          ,""                                                                                                                                                                     ,""                          ,""
"7461086"                  ,"Wurth Electronics"      ,"7461086"              ,"symbols/wurth/7461086.SchLib"               ,"WURTH_TERM_7461086"               ,"footprints/wurth/wurth_term_7461086.PcbLib"               ,""               ,""                  ,"DigiKey"    ,"732-3207-ND"             ,"LCSC"       ,"C6089860"               ,"Mouser"     ,"710-7461086"            ,"POWER ELEMENT BUSH M4 12PIN"                                                                                                    ,"Datasheet"                 ,"https://www.we-online.com/components/products/datasheet/7461086.pdf"                                                              ,""                          ,""                                                                                                                                                                 ,""                          ,""                                                                                                                                                                                  ,""                          ,""                                                                                                                                                                     ,""                          ,""
"TYPE-C-31-M-13"           ,"HRO Electronics"        ,"TYPE-C-31-M-13"       ,"symbols/hro/type-c-31-m-13.SchLib"          ,"CONN_USBC_TYPE-C-31-M-13"         ,"footprints/hro/hro_conn_usbc_type-c-31-m-13.PcbLib"       ,""               ,""                  ,""           ,""                        ,"LCSC"       ,"C223906"                ,""           ,""                       ,"USB 2.0 12P USB-C connector"                                                                                                    ,"Datasheet"                 ,"https://www.lcsc.com/datasheet/C223906.pdf"                                                                                       ,""                          ,""                                                                                                                                                                 ,""                          ,""                                                                                                                                                                                  ,""                          ,""                                                                                                                                                                     ,""                          ,""
"1-776163-1"               ,"TE Connectivity"        ,"1-776163-1"           ,"symbols/te/1-776163-1.SchLib"               ,"TE_AMPSEAL_1-776163-1"            ,"footprints/te/te_ampseal_1-776163-1.PcbLib"               ,""               ,""                  ,"DigiKey"    ,"A106383-ND"              ,"LCSC"       ,"C596198"                ,"Mouser"     ,"571-1-776163-1"         ,"Conn Power PL 35 POS 4mm Solder RA Thru-Hole 35 Terminal 1 Port, BLACK"                                                         ,"Product page"              ,"https://www.te.com/en/product-1-776163-1.html"                                                                                    ,"Drawing"                   ,"https://www.te.com/commerce/DocumentDelivery/DDEController?Action=showdoc&DocId=Customer+Drawing%7F776163%7FK%7Fpdf%7FEnglish%7FENG_CD_776163_K.pdf%7F1-776163-1" ,"Application specification" ,"https://www.te.com/commerce/DocumentDelivery/DDEController?Action=showdoc&DocId=Specification+Or+Standard%7F114-16016%7FR1%7Fpdf%7FEnglish%7FENG_SS_114-16016_R1.pdf%7F1-776163-1" ,"Series catalog"            ,"https://www.te.com/commerce/DocumentDelivery/DDEController?Action=showdoc&DocId=Data+Sheet%7F1-1773979-2%7FA%7Fpdf%7FEnglish%7FENG_DS_1-1773979-2_A.pdf%7F1-776280-1" ,"Product specification"     ,"https://www.te.com/commerce/DocumentDelivery/DDEController?Action=showdoc&DocId=Specification+Or+Standard%7F108-1329%7FE1%7Fpdf%7FEnglish%7FENG_SS_108-1329_E1.pdf%7F1-776163-1"
"1-776163-5"               ,"TE Connectivity"        ,"1-776163-5"           ,"symbols/te/1-776163-5.SchLib"               ,"TE_AMPSEAL_1-776163-5"            ,"footprints/te/te_ampseal_1-776163-5.PcbLib"               ,""               ,""                  ,"DigiKey"    ,"1-776163-5-ND"           ,"LCSC"       ,"C17378321"              ,"Mouser"     ,"571-1-776163-5"         ,"Conn Power PL 35 POS 4mm Solder RA Thru-Hole 35 Terminal 1 Port, BLUE"                                                          ,"Product page"              ,"https://www.te.com/en/product-1-776163-5.html"                                                                                    ,"Drawing"                   ,"https://www.te.com/commerce/DocumentDelivery/DDEController?Action=showdoc&DocId=Customer+Drawing%7F776163%7FK%7Fpdf%7FEnglish%7FENG_CD_776163_K.pdf%7F1-776163-5" ,"Application specification" ,"https://www.te.com/commerce/DocumentDelivery/DDEController?Action=showdoc&DocId=Specification+Or+Standard%7F114-16016%7FR1%7Fpdf%7FEnglish%7FENG_SS_114-16016_R1.pdf%7F1-776163-5" ,"Series catalog"            ,"https://www.te.com/commerce/DocumentDelivery/DDEController?Action=showdoc&DocId=Data+Sheet%7F1-1773979-2%7FA%7Fpdf%7FEnglish%7FENG_DS_1-1773979-2_A.pdf%7F1-776163-5" ,"Product specification"     ,"https://www.te.com/commerce/DocumentDelivery/DDEController?Action=showdoc&DocId=Specification+Or+Standard%7F108-1329%7FE1%7Fpdf%7FEnglish%7FENG_SS_108-1329_E1.pdf%7F1-776163-5"
"V8BR-1AX1-GH"             ,"Bel"                    ,"V8BR-1AX1-GH"         ,"symbols/belfuse/v8br-1ax1-gh.SchLib"        ,"BELFUSE_V8BR-1AX1-GH"             ,"footprints/belfuse/belfuse_v8br-1ax1-gh.PcbLib"           ,""               ,""                  ,"DigiKey"    ,"5923-V8BR-1AX1-GH-ND"    ,"LCSC"       ,"C5346729"               ,"Mouser"     ,"530-V8BR-1AX1-GH"       ,"Conn RJ-45 F 8 POS 1.02mm Solder ST Thru-Hole 20 Terminal 1 Port Tray"                                                          ,"Drawing"                   ,"https://www.belfuse.com/media/drawings/products/magjack%20ICMs/dr-MAG-V8BR-1AX1-GH.pdf"                                           ,""                          ,""                                                                                                                                                                 ,""                          ,""                                                                                                                                                                                  ,""                          ,""                                                                                                                                                                     ,""                          ,""
"FTSH-105-01-L-DV-K"       ,"Samtec Inc"             ,"FTSH-105-01-L-DV-K"   ,"symbols/samtec/ftsh-105-01-l-dv-k.SchLib"   ,"FTSH-105-01-L-DV-K_KEYED"         ,"footprints/samtec/samtec_ftsh-105-01-l-dv-k_keyed.PcbLib" ,""               ,""                  ,"DigiKey"    ,"FTSH-105-01-L-DV-K-ND"   ,"LCSC"       ,"C448647"                ,"Mouser"     ,"200-FTSH10501LDVK"      ,"CONN HEADER 10 POS DUAL .05"" SMD"                                                                                              ,"Datasheet"                 ,"https://suddendocs.samtec.com/prints/ftsh-1xx-xx-xxx-dv-xxx-xxx-x-xx-mkt.pdf"                                                     ,""                          ,""                                                                                                                                                                 ,""                          ,""                                                                                                                                                                                  ,""                          ,""                                                                                                                                                                     ,""                          ,""
"47053-1000"               ,"Molex"                  ,"47053-1000"           ,"symbols/molex/47053-1000.SchLib"            ,"MOLEX_KK254_4POS_VERT_0470531000" ,"footprints/molex/molex_kk254_4pos_vert_0470531000.PcbLib" ,""               ,""                  ,"DigiKey"    ,"WM4330-ND"               ,"LCSC"       ,"C240840"                ,"Mouser"     ,"538-47053-1000"         ,"Board Connector, 4 Contact(s), 1 Row(s), Male, Straight, 0.1 inch Pitch, Solder Terminal, Locking, White Insulator, Header"     ,"Drawing"                   ,"https://www.molex.com/content/dam/molex/molex-dot-com/products/automated/en-us/salesdrawingpdf/470/47053/470531000_sd.pdf?inline" ,"Product page"              ,"https://www.molex.com/en-us/products/part-detail/470531000"                                                                                                       ,""                          ,""                                                                                                                                                                                  ,""                          ,""                                                                                                                                                                     ,""                          ,""
"RFPC-SMA14-FN-A"          ,"GCT (Gradconn)"         ,"RFPC-SMA14-FN-A"      ,"symbols/gct/rfpc-sma14-fn-a.SchLib"         ,"GCT_RFPC-SMA14-FN-A"              ,"footprints/gct/gct_rfpc-sma14-fn-a.PcbLib"                ,""               ,""                  ,"DigiKey"    ,"2072-RFPC-SMA14-FN-A-ND" ,"LCSC"       ,"C3173272"               ,"Mouser"     ,"640-RFPCSMA14FNA"       ,"SMA Connector Jack, Female Socket Panel Mount, Through Hole, Right Angle Solder, IP68 unmated"                                  ,"Datasheet"                 ,"https://www.gradconn.com/Files/Drawings/RFPC-SMA14-FN.pdf"                                                                        ,""                          ,""                                                                                                                                                                 ,""                          ,""                                                                                                                                                                                  ,""                          ,""                                                                                                                                                                     ,""                          ,""
"43650-0219"               ,"Molex"                  ,"43650-0219"           ,"symbols/molex/43650-0219.SchLib"            ,"MOLEX_MICROFIT_0436500219"        ,"footprints/molex/molex_microfit_0436500219.PcbLib"        ,""               ,""                  ,"DigiKey"    ,"WM14583-ND"              ,"LCSC"       ,"C19170957"              ,"Mouser"     ,"538-43650-0219"         ,"Connector Header Through Hole 2 position 0.118"" (3.00mm)"                                                                      ,"Drawing"                   ,"https://www.molex.com/content/dam/molex/molex-dot-com/products/automated/en-us/salesdrawingpdf/436/43650/436500219_sd.pdf"        ,"Product page"              ,"https://www.molex.com/en-us/products/part-detail/436500219"                                                                                                       ,""                          ,""                                                                                                                                                                                  ,""                          ,""                                                                                                                                                                     ,""                          ,""
"XT30UPB-M"                ,"Changzhou Amass Elec"   ,"XT30UPB-M"            ,"symbols/amass/xt30upb-m.SchLib"             ,"AMASS_XT30UPB-M"                  ,"footprints/amass/amass_xt30upb-m.PcbLib"                  ,""               ,""                  ,""           ,""                        ,"LCSC"       ,"C428721"                ,""           ,""                       ,"Vertical PCB mount XT30 male"                                                                                                   ,"Datasheet"                 ,"https://www.china-amass.com/public/upload/20240620/94b600a6a4c042646bc89646abc8ea85.pdf"                                          ,""                          ,""                                                                                                                                                                 ,""                          ,""                                                                                                                                                                                  ,""                          ,""                                                                                                                                                                     ,""                          ,""
"2005280040"               ,"Molex"                  ,"2005280040"           ,"symbols/molex/2005280040.SchLib"            ,"MOLEX_FD19_1.00mm_2005280040"     ,"footprints/molex/molex_fd19_1.00mm_2005280040.PcbLib"     ,""               ,""                  ,"DigiKey"    ,"WM20760CT-ND"            ,"LCSC"       ,"C563728"                ,"Mouser"     ,"538-200528-0040"        ,"4 Position FFC, FPC Connector Contacts, Bottom 0.039"" (1.00mm) Surface Mount, Right Angle"                                     ,"Specifications"            ,"https://tools.molex.com/pdm_docs/ps/2005280000.pdf"                                                                               ,"Product Page"              ,"https://www.molex.com/en-us/products/part-detail/2005280040"                                                                                                      ,"Drawing"                   ,"https://www.molex.com/content/dam/molex/molex-dot-com/products/automated/en-us/salesdrawingpdf/200/200528/2005280040_sd.pdf"                                                       ,""                          ,""                                                                                                                                                                     ,""                          ,""
"43650-0204"               ,"Molex"                  ,"43650-0204"           ,"symbols/molex/43650-0204.SchLib"            ,"MOLEX_MICROFIT_0436500204"        ,"footprints/molex/molex_microfit_0436500204.PcbLib"        ,""               ,""                  ,"DigiKey"    ,"WM1875-ND"               ,"LCSC"       ,"C587652"                ,"Mouser"     ,"538-43650-0204"         ,"Rectangular Power Connector, 2 Contact(s), Male, Solder Terminal, Header"                                                       ,"Product page"              ,"https://www.molex.com/en-us/products/part-detail/436500204"                                                                       ,"Drawing"                   ,"https://www.molex.com/content/dam/molex/molex-dot-com/products/automated/en-us/salesdrawingpdf/436/43650/436500204_sd.pdf"                                        ,""                          ,""                                                                                                                                                                                  ,""                          ,""                                                                                                                                                                     ,""                          ,""
"TYPE-C-31-M-12"           ,"HRO Electronics"        ,"TYPE-C-31-M-12"       ,"symbols/hro/type-c-31-m-12.SchLib"          ,"CONN_USBC_TYPE-C-31-M-12"         ,"footprints/hro/hro_conn_usbc_type-c-31-m-12.PcbLib"       ,""               ,""                  ,""           ,""                        ,"LCSC"       ,"C165948"                ,""           ,""                       ,"5A 1 16P Female Type-C SMD USB Connectors ROHS"                                                                                 ,"Product page"              ,"https://en.krhro.com/Product-Details/726.html"                                                                                    ,"Drawing"                   ,"https://omo-oss-file.thefastfile.com/portal-saas/new2023011311465142457/cms/file/95f41c83-14fa-41cb-9f86-8d6a717317e5.pdf"                                        ,""                          ,""                                                                                                                                                                                  ,""                          ,""                                                                                                                                                                     ,""                          ,""
"0826-1L1T-57-F"           ,"Bel Fuse Inc"           ,"0826-1L1T-57-F"       ,"symbols/belfuse/0826-1l1t-57-f.SchLib"      ,"BELFUSE_0826-1L1T-57-F"           ,"footprints/belfuse/belfuse_0826-1l1t-57-f.PcbLib"         ,""               ,""                  ,"DigiKey"    ,"507-1431-ND"             ,"LCSC"       ,"C3179913"               ,"Mouser"     ,"530-0826-1L1T-57-F"     ,"CONN MAGJACK 1PORT 100 BASE-T"                                                                                                  ,"Datasheet"                 ,"https://www.belfuse.com/resources/drawings/magneticsolutions/dr-mag-0826-1l1t-57-f.pdf"                                           ,""                          ,""                                                                                                                                                                 ,""                          ,""                                                                                                                                                                                  ,""                          ,""                                                                                                                                                                     ,""                          ,""