"Manufacturer Part Number","Manufacturer","Inductance (uH)","Current Rating (mA)","DCR (mOhms)","SymbolName","SymbolLibrary","FootprintName","FootprintLibrary","Supplier 1","Supplier Part Number 1","Supplier 2","Supplier Part Number 2","ComponentLink1Description","ComponentLink1URL"
"DFE201612E-2R2M=P2","Murata Electronics","2.2","1800","116","__template_inductor","symbols/inductor.SchLib","MURATA_DFE201612E","footprints/murata/dfe.PcbLib","Digikey","490-DFE201612E-2R2M=P2CT-ND","LCSC","C337893","Datasheet","https://pim.murata.com/asset/pim4/inductor/J(E)TE243A-0006_PDF_INDUCTOR"
"SRP1265A-R15M","BOURNS","0.15","55000","0.6","__template_inductor","symbols/inductor.SchLib","BOURNS_SRP1265A","footprints/bourns/srp1265a.PcbLib","Digikey","SRP1265A-R15MCT-ND","LCSC","C7320549","Datasheet","https://www.bourns.com/docs/Product-Datasheets/SRP1265A.pdf"
"SRP1265A-R22M","BOURNS","0.22","53000","0.6","__template_inductor","symbols/inductor.SchLib","BOURNS_SRP1265A","footprints/bourns/srp1265a.PcbLib","Digikey","SRP1265A-R22MCT-ND","LCSC","C2045653","Datasheet","https://www.bourns.com/docs/Product-Datasheets/SRP1265A.pdf"
"SRP1265A-R33M","BOURNS","0.33","46000","0.8","__template_inductor","symbols/inductor.SchLib","BOURNS_SRP1265A","footprints/bourns/srp1265a.PcbLib","Digikey","SRP1265A-R33MCT-ND","LCSC","C2047327","Datasheet","https://www.bourns.com/docs/Product-Datasheets/SRP1265A.pdf"
"SRP1265A-R36M","BOURNS","0.36","45000","0.9","__template_inductor","symbols/inductor.SchLib","BOURNS_SRP1265A","footprints/bourns/srp1265a.PcbLib","Digikey","SRP1265A-R36MCT-ND","LCSC","C2047407","Datasheet","https://www.bourns.com/docs/Product-Datasheets/SRP1265A.pdf"
"SRP1265A-R47M","BOURNS","0.47","41000","1.2","__template_inductor","symbols/inductor.SchLib","BOURNS_SRP1265A","footprints/bourns/srp1265a.PcbLib","Digikey","SRP1265A-R47MCT-ND","LCSC","C2045721","Datasheet","https://www.bourns.com/docs/Product-Datasheets/SRP1265A.pdf"
"SRP1265A-R56M","BOURNS","0.56","37000","1.2","__template_inductor","symbols/inductor.SchLib","BOURNS_SRP1265A","footprints/bourns/srp1265a.PcbLib","Digikey","SRP1265A-R56MCT-ND","","","Datasheet","https://www.bourns.com/docs/Product-Datasheets/SRP1265A.pdf"
"SRP1265A-R68M","BOURNS","0.68","35000","1.5","__template_inductor","symbols/inductor.SchLib","BOURNS_SRP1265A","footprints/bourns/srp1265a.PcbLib","Digikey","SRP1265A-R68MCT-ND","LCSC","C2047203","Datasheet","https://www.bourns.com/docs/Product-Datasheets/SRP1265A.pdf"
"SRP1265A-R82M","BOURNS","0.82","33000","1.9","__template_inductor","symbols/inductor.SchLib","BOURNS_SRP1265A","footprints/bourns/srp1265a.PcbLib","Digikey","SRP1265A-R82MCT-ND","","","Datasheet","https://www.bourns.com/docs/Product-Datasheets/SRP1265A.pdf"
"SRP1265A-1R0M","BOURNS","1","30000","2.3","__template_inductor","symbols/inductor.SchLib","BOURNS_SRP1265A","footprints/bourns/srp1265a.PcbLib","Digikey","SRP1265A-1R0MCT-ND","LCSC","C1332092","Datasheet","https://www.bourns.com/docs/Product-Datasheets/SRP1265A.pdf"
"SRP1265A-1R5M","BOURNS","1.5","27000","3","__template_inductor","symbols/inductor.SchLib","BOURNS_SRP1265A","footprints/bourns/srp1265a.PcbLib","Digikey","SRP1265A-1R5MCT-ND","","","Datasheet","https://www.bourns.com/docs/Product-Datasheets/SRP1265A.pdf"
"SRP1265A-1R8M","BOURNS","1.8","24000","4","__template_inductor","symbols/inductor.SchLib","BOURNS_SRP1265A","footprints/bourns/srp1265a.PcbLib","Digikey","SRP1265A-1R8MCT-ND","LCSC","C7320545","Datasheet","https://www.bourns.com/docs/Product-Datasheets/SRP1265A.pdf"
"SRP1265A-2R2M","BOURNS","2.2","22000","4.2","__template_inductor","symbols/inductor.SchLib","BOURNS_SRP1265A","footprints/bourns/srp1265a.PcbLib","Digikey","SRP1265A-2R2MCT-ND","LCSC","C2831487","Datasheet","https://www.bourns.com/docs/Product-Datasheets/SRP1265A.pdf"
"SRP1265A-3R3M","BOURNS","3.3","18000","6.8","__template_inductor","symbols/inductor.SchLib","BOURNS_SRP1265A","footprints/bourns/srp1265a.PcbLib","Digikey","SRP1265A-3R3MCT-ND","LCSC","C1329348","Datasheet","https://www.bourns.com/docs/Product-Datasheets/SRP1265A.pdf"
"SRP1265A-4R7M","BOURNS","4.7","13500","8.4","__template_inductor","symbols/inductor.SchLib","BOURNS_SRP1265A","footprints/bourns/srp1265a.PcbLib","Digikey","SRP1265A-4R7MCT-ND","LCSC","C780205","Datasheet","https://www.bourns.com/docs/Product-Datasheets/SRP1265A.pdf"
"SRP1265A-5R6M","BOURNS","5.6","12500","10","__template_inductor","symbols/inductor.SchLib","BOURNS_SRP1265A","footprints/bourns/srp1265a.PcbLib","Digikey","SRP1265A-5R6MCT-ND","LCSC","C2047187","Datasheet","https://www.bourns.com/docs/Product-Datasheets/SRP1265A.pdf"
"SRP1265A-6R0M","BOURNS","6","12000","10","__template_inductor","symbols/inductor.SchLib","BOURNS_SRP1265A","footprints/bourns/srp1265a.PcbLib","Digikey","118-SRP1265A-6R0MCT-ND","","","Datasheet","https://www.bourns.com/docs/Product-Datasheets/SRP1265A.pdf"
"SRP1265A-6R8M","BOURNS","6.8","11500","11.5","__template_inductor","symbols/inductor.SchLib","BOURNS_SRP1265A","footprints/bourns/srp1265a.PcbLib","Digikey","SRP1265A-6R8MCT-ND","LCSC","C2041326","Datasheet","https://www.bourns.com/docs/Product-Datasheets/SRP1265A.pdf"
"SRP1265A-8R2M","BOURNS","8.2","10500","15.5","__template_inductor","symbols/inductor.SchLib","BOURNS_SRP1265A","footprints/bourns/srp1265a.PcbLib","Digikey","SRP1265A-8R2MCT-ND","LCSC","C2042528","Datasheet","https://www.bourns.com/docs/Product-Datasheets/SRP1265A.pdf"
"SRP1265A-100M","BOURNS","10","10000","16.5","__template_inductor","symbols/inductor.SchLib","BOURNS_SRP1265A","footprints/bourns/srp1265a.PcbLib","Digikey","SRP1265A-100MCT-ND","LCSC","C840531","Datasheet","https://www.bourns.com/docs/Product-Datasheets/SRP1265A.pdf"
"SRP1265A-150M","BOURNS","15","9000","28","__template_inductor","symbols/inductor.SchLib","BOURNS_SRP1265A","footprints/bourns/srp1265a.PcbLib","Digikey","SRP1265A-150MCT-ND","LCSC","C189912","Datasheet","https://www.bourns.com/docs/Product-Datasheets/SRP1265A.pdf"
"SRP1265A-220M","BOURNS","22","9000","37","__template_inductor","symbols/inductor.SchLib","BOURNS_SRP1265A","footprints/bourns/srp1265a.PcbLib","Digikey","SRP1265A-220MCT-ND","LCSC","C2041465","Datasheet","https://www.bourns.com/docs/Product-Datasheets/SRP1265A.pdf"
"SRP1265A-330M","BOURNS","33","8000","58","__template_inductor","symbols/inductor.SchLib","BOURNS_SRP1265A","footprints/bourns/srp1265a.PcbLib","Digikey","SRP1265A-330MCT-ND","LCSC","C7369670","Datasheet","https://www.bourns.com/docs/Product-Datasheets/SRP1265A.pdf"
"SRP1265A-470M","BOURNS","47","6500","90","__template_inductor","symbols/inductor.SchLib","BOURNS_SRP1265A","footprints/bourns/srp1265a.PcbLib","Digikey","SRP1265A-470MCT-ND","LCSC","C840530","Datasheet","https://www.bourns.com/docs/Product-Datasheets/SRP1265A.pdf"
"SRP5050FA-5R6M","BOURNS","5.6","7200","24.2","__template_inductor","symbols/inductor.SchLib","BOURNS_SRP5050FA","footprints/bourns/srp5050fa.PcbLib","Digikey","SRP5050FA-5R6MCT-ND","","","Datasheet","https://www.bourns.com/docs/product-datasheets/srp5050fa.pdf"
"SRP5050FA-6R8M","BOURNS","6.8","6400","28.6","__template_inductor","symbols/inductor.SchLib","BOURNS_SRP5050FA","footprints/bourns/srp5050fa.PcbLib","Digikey","SRP5050FA-6R8MCT-ND","LCSC","C3223092","Datasheet","https://www.bourns.com/docs/product-datasheets/srp5050fa.pdf"
"SRP5050FA-8R2M","BOURNS","8.2","6100","32.5","__template_inductor","symbols/inductor.SchLib","BOURNS_SRP5050FA","footprints/bourns/srp5050fa.PcbLib","Digikey","SRP5050FA-8R2MCT-ND","LCSC","C2047102","Datasheet","https://www.bourns.com/docs/product-datasheets/srp5050fa.pdf"
"SRP5050FA-100M1","BOURNS","10","5000","43","__template_inductor","symbols/inductor.SchLib","BOURNS_SRP5050FA","footprints/bourns/srp5050fa.PcbLib","Digikey","118-SRP5050FA-100M1CT-ND","LCSC","C3223883","Datasheet","https://www.bourns.com/docs/product-datasheets/srp5050fa.pdf"
"SRP5050FA-150M1","BOURNS","15","4000","66","__template_inductor","symbols/inductor.SchLib","BOURNS_SRP5050FA","footprints/bourns/srp5050fa.PcbLib","Digikey","118-SRP5050FA-150M1CT-ND","LCSC","C3221191","Datasheet","https://www.bourns.com/docs/product-datasheets/srp5050fa.pdf"
"SRP5050FA-220M1","BOURNS","22","3400","99.65","__template_inductor","symbols/inductor.SchLib","BOURNS_SRP5050FA","footprints/bourns/srp5050fa.PcbLib","Digikey","118-SRP5050FA-220M1CT-ND","LCSC","C3223517","Datasheet","https://www.bourns.com/docs/product-datasheets/srp5050fa.pdf"
