"Manufacturer Part Number" ,"Manufacturer"                  ,"SymbolName"             ,"SymbolLibrary"                             ,"FootprintName"                            ,"FootprintLibrary"                                                     ,"FootprintName2" ,"FootprintLibrary2" ,"Supplier 1" ,"Supplier Part Number 1"        ,"Supplier 2" ,"Supplier Part Number 2" ,"Supplier 3"       ,"Supplier Part Number 3" ,"Description"                                                                                                     ,"ComponentLink1Description" ,"ComponentLink1URL"                                                                                                                                                      ,"ComponentLink2Description" ,"ComponentLink2URL"
"RH-5000"                  ,"ronghe"                        ,"__template_testpoint"   ,"symbols/test.SchLib"                       ,"TP_RH-5000"                               ,"footprints/ronghe/ronghe_rh-5000.PcbLib"                              ,""               ,""                  ,""           ,""                              ,"LCSC"       ,"C5277086"               ,""                 ,""                       ,"Red through-hole PCB test point"                                                                                 ,"Datasheet"                 ,"https://datasheet.lcsc.com/lcsc/2307040929_ronghe-RH-5000_C5277086.pdf"                                                                                                 ,""                          ,""
"RH-5001"                  ,"ronghe"                        ,"__template_testpoint"   ,"symbols/test.SchLib"                       ,"TP_RH-5001"                               ,"footprints/ronghe/ronghe_rh-5001.PcbLib"                              ,""               ,""                  ,""           ,""                              ,"LCSC"       ,"C5199801"               ,""                 ,""                       ,"Black through-hole PCB test point"                                                                               ,"Datasheet"                 ,"https://datasheet.lcsc.com/lcsc/2307040929_ronghe-RH-5000_C5277086.pdf"                                                                                                 ,""                          ,""
"RH-5002"                  ,"ronghe"                        ,"__template_testpoint"   ,"symbols/test.SchLib"                       ,"TP_RH-5002"                               ,"footprints/ronghe/ronghe_rh-5002.PcbLib"                              ,""               ,""                  ,""           ,""                              ,"LCSC"       ,"C5199802"               ,""                 ,""                       ,"White through-hole PCB test point"                                                                               ,"Datasheet"                 ,"https://datasheet.lcsc.com/lcsc/2307040929_ronghe-RH-5000_C5277086.pdf"                                                                                                 ,""                          ,""
"3DP_STDC14_TAPE_FRAME"    ,"SSCP"                          ,"3DP_STDC14_TAPE_FRAME"  ,"symbols/sscp/3dp_stdc14_tape_frame.SchLib" ,"3DP_STDC14_TAPE_FRAME"                    ,"footprints/sscp/3dp_stdc14_tape_frame.PcbLib"                         ,""               ,""                  ,""           ,""                              ,""           ,""                       ,"SSCP"             ,"N/A"                    ,"3D-printed plastic frame used for security tape around STDC14 programming header"                                ,""                          ,""                                                                                                                                                                       ,""                          ,""
"S8421-45R"                ,"Harwin"                        ,"S8421-45R"              ,"symbols/harwin/s8421-45r.SchLib"           ,"HOLDER_BATT_CR2032_HARWIN_S8421-45R"      ,"footprints/harwin/harwin_holder_batt_cr2032_s8421-45r.PcbLib"         ,""               ,""                  ,"DigiKey"    ,"952-1737-1-ND"                 ,"LCSC"       ,"C5185176"               ,"Mouser"           ,"855-S8421-45R"          ,"EZ-Coin Cell Battery Retainer, Horizontal SMT, for CR2032 Coin Cell Batteries"                                   ,"Datasheet"                 ,"https://content.harwin.com/asset/0fef8d03-36bc-40c0-85a9-8b5932ac2fe8/DRG-02356-Technical-Drawing-Datasheet-S8421R-pdf.pdf"                                             ,""                          ,""
"HOLE_M3"                  ,""                              ,"HOLE"                   ,"symbols/sscp/hole.SchLib"                  ,"HOLE_M3"                                  ,"footprints/common/hole_m3.PcbLib"                                     ,""               ,""                  ,""           ,""                              ,""           ,""                       ,""                 ,""                       ,""                                                                                                                ,""                          ,""                                                                                                                                                                       ,""                          ,""
"WA-T247-101E"             ,"Ohmite"                        ,"WA-T247-101E"           ,"symbols/ohmite/wa-t247-101e.SchLib"        ,"OHMITE_WA-T247-101E"                      ,"footprints/ohmite/ohmite_wa-t247-101e.PcbLib"                         ,""               ,""                  ,"DigiKey"    ,"WA-T247-101E-ND"               ,""           ,""                       ,"Mouser"           ,"588-WA-T247-101E"       ,"Heat Sink, 11 °C/W, Extruded, Clip, Longitudinal, Aluminum Alloy, Anodized"                                      ,"Datasheet"                 ,"https://www.ohmite.com/assets/images/sink-w.pdf?r=false"                                                                                                                ,""                          ,""
"3568"                     ,"Keystone Electronics"          ,"3568"                   ,"symbols/keystone/3568.SchLib"              ,"FUSEHOLDER_KEYSTONE_3568"                 ,"footprints/keystone/keystone_fuseholder_3568.PcbLib"                  ,""               ,""                  ,"DigiKey"    ,"36-3568-ND"                    ,"LCSC"       ,"C3206956"               ,"Mouser"           ,"534-3568"               ,"Fuse Holder 30 A 500V 1 Circuit Blade Through Hole"                                                              ,"Datasheet"                 ,"https://www.keyelco.com/userAssets/file/M65p42.pdf"                                                                                                                     ,""                          ,""
"TS-1092S-B3D2-G"          ,"Yuandi"                        ,"TS-1092S-B3D2-G"        ,"symbols/yuandi/ts-1092s-b3d2-g.SchLib"     ,"SWITCH_TS-1092S-B3D2-G"                   ,"footprints/yuandi/yuandi_switch_ts-1092s-b3d2-g.PcbLib"               ,""               ,""                  ,""           ,""                              ,"LCSC"       ,"C520860"                ,""                 ,""                       ,"SWITCH TACTILE SPST-NO"                                                                                          ,"Datasheet"                 ,"https://www.lcsc.com/datasheet/lcsc_datasheet_2005071437_Yuandi-TS-1092S-B3D2-G_C520860.pdf"                                                                            ,""                          ,""
"STM32H5F5LJH7Q"           ,"STMicroelectronics"            ,"STM32H5F5LJH7Q"         ,"symbols/st/stm32h5f5ljh7q.SchLib"          ,"ST_TFBGA225"                              ,"footprints/st/st_tfbga225.PcbLib"                                     ,""               ,""                  ,"DigiKey"    ,"497-STM32H5F5LJH7Q-ND"         ,""           ,""                       ,"Mouser"           ,"511-STM32H5F5LJH7Q"     ,"ARM® Cortex®-M33F STM32H5 Microcontroller IC 32-Bit 250MHz 4MB (4M x 8) FLASH 225-TFBGA (13x13)"                 ,"Datasheet"                 ,"https://www.st.com/resource/en/datasheet/stm32h5f5lj.pdf"                                                                                                               ,"Reference Manual"          ,"https://www.st.com/resource/en/reference_manual/rm0517-stm32h5e45f4-and-stm32h5e55f5-armbased-32bit-mcus-stmicroelectronics.pdf"
"CHS-04TA"                 ,"Nidec Copal"                   ,"CHS-04TA"               ,"symbols/nidec/chs-04ta.SchLib"             ,"SWITCH_NIDEC_CHS-04TA"                    ,"footprints/nidec/nidec_switch_chs-04ta.PcbLib"                        ,""               ,""                  ,"DigiKey"    ,"563-1007-1-ND"                 ,"LCSC"       ,"C2921610"               ,"Mouser"           ,"229-CHS-04TA"           ,"DIP Switch, Slide, SPST, Flush, Recessed, 6VDC, 100mA, CHS Series - Nidec Components CHS-04TA"                   ,"Datasheet"                 ,"https://www.nidec-components.com/e/catalog/switch/chs.pdf"                                                                                                              ,""                          ,""
"CHS-01TA"                 ,"Nidec Copal"                   ,"CHS-01TA"               ,"symbols/nidec/chs-01ta.SchLib"             ,"SWITCH_NIDEC_CHS-01TA"                    ,"footprints/nidec/nidec_switch_chs-01ta.PcbLib"                        ,""               ,""                  ,"DigiKey"    ,"563-1003-1-ND"                 ,"LCSC"       ,"C2921603"               ,"Mouser"           ,"229-CHS-01TA"           ,"DIP Switch, Slide, SPST, Flush, Recessed, 6VDC, 100mA, CHS Series - Nidec Components CHS-01TA"                   ,"Datasheet"                 ,"https://www.nidec-components.com/e/catalog/switch/chs.pdf"                                                                                                              ,""                          ,""
"TPS65263QRHBRQ1"          ,"Texas Instruments"             ,"TPS65263QRHBRQ1"        ,"symbols/ti/tps65263qrhbrq1.SchLib"         ,"TI_RHB"                                   ,"footprints/ti/ti_rhb.PcbLib"                                          ,""               ,""                  ,"DigiKey"    ,"296-40886-1-ND"                ,"LCSC"       ,"C2073290"               ,"Mouser"           ,"595-TPS65263QRHBRQ1"    ,"Switching Regulator, Current-mode, 3A, 2300kHz Switching Freq-Max, PQCC32"                                       ,"Datasheet"                 ,"https://www.ti.com/lit/ds/symlink/tps65263-q1.pdf"                                                                                                                      ,""                          ,""
"FTR-J2AK006W"             ,"Fujitsu"                       ,"FTR-J2AK006W"           ,"symbols/fujitsu/ftr-j2ak006w.SchLib"       ,"RELAY_FTR-J2"                             ,"footprints/fujitsu/fujitsu_relay_ftr-j2.PcbLib"                       ,""               ,""                  ,""           ,""                              ,""           ,""                       ,"Mouser"           ,"817-FTR-J2AK006W"       ,"General Purpose Relay 450VDC/10A"                                                                                ,"Datasheet"                 ,"https://www.fcl-components.com/downloads/MICRO/fcai/relays/ftr-j2.pdf"                                                                                                  ,""                          ,""
"P126BDA"                  ,"Sensata"                       ,"P126BDA"                ,"symbols/sensata/p126bda.SchLib"            ,"RELAY_P126"                               ,"footprints/sensata/sensata_relay_p126.PcbLib"                         ,""               ,""                  ,"DigiKey"    ,"3596-P126BDA-ND"               ,""           ,""                       ,"Mouser"           ,"682-P126BDA"            ,"RELAY GEN PURPOSE SPST 60A 12V"                                                                                  ,"Datasheet"                 ,"https://www.sensata.com/sites/default/files/a/sensata-gigavac-p126-series-minitactor-contactors-datasheet.pdf"                                                          ,""                          ,""
"AQY280SX"                 ,"Panasonic Industry"            ,"AQY280SX"               ,"symbols/panasonic/aqy280sx.SchLib"         ,"PANASONIC_AQY28"                          ,"footprints/panasonic/panasonic_aqy28.PcbLib"                          ,""               ,""                  ,"DigiKey"    ,"255-3913-1-ND"                 ,"LCSC"       ,"C425101"                ,"Mouser"           ,"769-AQY280SX"           ,"Solid State Photo-Coupled Relay (Photorelay) SPST-NO (1 Form A) 4-SOP (0.173"", 4.40mm)"                         ,"Datasheet"                 ,"https://mm.digikey.com/Volume0/opasdata/d220001/medias/docus/2807/AQY%2CW28xS_DS.pdf"                                                                                   ,""                          ,""
"H1102NL"                  ,"Pulse Electronics Corporation" ,"H1102NL"                ,"symbols/pulse/h1102nl.SchLib"              ,"EPCOS_LAN_MODULE"                         ,"footprints/epcos/epcos_lan_module.PcbLib"                             ,""               ,""                  ,"DigiKey"    ,"553-1323-ND"                   ,"LCSC"       ,"C18584"                 ,"Mouser"           ,"673-H1102NL"            ,"MODULE XFRMR SGL ETHR LAN 16SOIC"                                                                                ,"Datasheet"                 ,"https://productfinder.pulseeng.com/doc_type/WEB301/doc_num/H1102NL/doc_part/H1102NL.pdf"                                                                                ,""                          ,""
"BQ79600PWRQ1"             ,"Texas Instruments"             ,"BQ79600PWRQ1"           ,"symbols/ti/bq79600pwrq1.SchLib"            ,"TI_PW0016A"                               ,"footprints/ti/ti_pw0016a.PcbLib"                                      ,""               ,""                  ,"DigiKey"    ,"296-BQ79600PWRQ1CT-ND"         ,"LCSC"       ,"C2869947"               ,"Mouser"           ,"595-BQ79600PWRQ1"       ,"Automotive SPI/UART communication interface functional-safety compliant with automatic host wakeup"              ,"Datasheet"                 ,"https://www.ti.com/lit/ds/symlink/bq79600-q1.pdf"                                                                                                                       ,""                          ,""
"LCB127STR"                ,"IXYS"                          ,"LCB127STR"              ,"symbols/ixys/lcb127str.SchLib"             ,"6SMD300"                                  ,"footprints/common/6smd300.PcbLib"                                     ,""               ,""                  ,"DigiKey"    ,"212-LCB127STRCT-ND"            ,"LCSC"       ,"C6286119"               ,"Mouser"           ,"849-LCB127STR"          ,"Relay Ssr 50MA 1.4V Dc-in 0.2A 250V Ac/dc-out 6-PIN PDIP SMD T/r"                                                ,"Datasheet"                 ,"https://www.littelfuse.com/assetdocs/littelfuse-integrated-circuits-lcb127-datasheet?assetguid=ed9c03ce-9d8a-4952-b2f0-cdedc4b0af1f"                                    ,""                          ,""
"MP6519GQ-Z"               ,"Monolithic Power Systems"      ,"MP6519GQ-Z"             ,"symbols/mps/mp6519gq-z.SchLib"             ,"MP6519"                                   ,"footprints/mps/mps_mp6519.PcbLib"                                     ,""               ,""                  ,"DigiKey"    ,"1589-2044-1-ND"                ,""           ,""                       ,"JLCPCB"           ,"C2762181"               ,"2.5V - 28V, 5A, H-bridge Current Regulator"                                                                      ,"Datasheet"                 ,"https://mm.digikey.com/Volume0/opasdata/d220001/medias/docus/696/MP6519_r1.01.pdf"                                                                                      ,""                          ,""
"ACT45B-101-2P-TL003"      ,"TDK Corporation"               ,"__template_transformer" ,"symbols/inductor.SchLib"                   ,"CHOKE_ACT45B-101-2P-TL003"                ,"footprints/tdk/tdk_choke_act45b-101-2p-tl003.PcbLib"                  ,""               ,""                  ,"DigiKey"    ,"445-3959-1-ND"                 ,"LCSC"       ,"C88056"                 ,"Mouser"           ,"810-ACT45B1012PTL003"   ,"Surface-mount common-mode choke, 5.8 kΩ typical at 10 MHz"                                                       ,"Datasheet"                 ,"https://product.tdk.com/info/en/catalog/datasheets/cmf_automotive_signal_act45b_en.pdf"                                                                                 ,""                          ,""
"TCAN1462VDRQ1"            ,"Texas Instruments"             ,"TCAN1462VDRQ1"          ,"symbols/ti/tcan1462vdrq1.SchLib"           ,"8SOIC150"                                 ,"footprints/common/8soic150.PcbLib"                                    ,""               ,""                  ,"DigiKey"    ,"296-TCAN1462VDRQ1CT-ND"        ,"LCSC"       ,"C7399456"               ,"Mouser"           ,"595-TCAN1462VDRQ1"      ,"Automotive signal improvement CAN FD transceiver with VIO and standby 8-SOIC -40 to 125"                         ,"Datasheet"                 ,"https://www.ti.com/lit/ds/symlink/tcan1462-q1.pdf"                                                                                                                      ,""                          ,""
"CHS-02TA"                 ,"Nidec Copal"                   ,"CHS-02TA"               ,"symbols/nidec/chs-02ta.SchLib"             ,"SWITCH_NIDEC_CHS-02TA"                    ,"footprints/nidec/nidec_switch_chs-02ta.PcbLib"                        ,""               ,""                  ,"DigiKey"    ,"563-1005-1-ND"                 ,"LCSC"       ,"C2921606"               ,"Mouser"           ,"229-CHS-02TA"           ,"DIP Switch, Slide, SPST, Flush, Recessed, 6VDC, 100mA, CHS Series - Nidec Components CHS-02TA"                   ,"Datasheet"                 ,"https://www.nidec-components.com/e/catalog/switch/chs.pdf"                                                                                                              ,""                          ,""
"KSZ8567RTXV-VAO"          ,"Microchip"                     ,"KSZ8567RTXV-VAO"        ,"symbols/microchip/ksz8567rtxv-vao.SchLib"  ,"MICROCHIP_C04-418B_128TQFP_14X14_10X10EP" ,"footprints/microchip/microchip_c04-418b_128tqfp_14x14_10x10ep.PcbLib" ,""               ,""                  ,""           ,""                              ,""           ,""                       ,"microchipDIRECT"  ,"KSZ8567RTXV-VAO"        ,"Automotive Ethernet Switch 7 Port 10Mbps/100Mbps 128-Pin TQFP EP Tray"                                           ,"Datasheet"                 ,"https://ww1.microchip.com/downloads/aemDocuments/documents/UNG/ProductDocuments/DataSheets/KSZ8567R-Data-Sheet-DS00002328.pdf"                                          ,""                          ,""
"STM32F103CBT6"            ,"STMicroelectronics"            ,"STM32F103CBT6"          ,"symbols/st/stm32f103cbt6.SchLib"           ,"48TQFP7"                                  ,"footprints/common/48tqfp7.PcbLib"                                     ,""               ,""                  ,"DigiKey"    ,"497-6288-ND"                   ,"LCSC"       ,"C8304"                  ,"Mouser"           ,"511-STM32F103CBT6"      ,"ARM Cortex-M3 STM32 F1 Microcontroller 32-Bit 72MHz 128kB FLASH LQFP48 STM32F103CBT6"                            ,"Datasheet"                 ,"https://www.st.com/resource/en/datasheet/stm32f103cb.pdf"                                                                                                               ,"Reference Manual"          ,"https://www.st.com/resource/en/reference_manual/rm0008-stm32f101xx-stm32f102xx-stm32f103xx-stm32f105xx-and-stm32f107xx-advanced-armbased-32bit-mcus-stmicroelectronics.pdf"
"SN74CB3Q3345PWR"          ,"Texas Instruments"             ,"SN74CB3Q3345PWR"        ,"symbols/ti/sn74cb3q3345pwr.SchLib"         ,"TI_PW0020A"                               ,"footprints/ti/ti_pw0020a.PcbLib"                                      ,""               ,""                  ,"DigiKey"    ,"296-19141-1-ND"                ,"LCSC"       ,"C2674539"               ,"Mouser"           ,"595-SN74CB3Q3345PWR"    ,"Low-voltage high-bandwidth bus switch"                                                                           ,"Datasheet"                 ,"https://www.ti.com/lit/ds/symlink/sn74cb3q3345.pdf"                                                                                                                     ,""                          ,""
"VN9E30FTR"                ,"STMicroelectronics"            ,"VN9E30FTR"              ,"symbols/st/vn9e30ftr.SchLib"               ,"ST_ECOPACK_QFN50P600X600X90-32N"          ,"footprints/st/st_ecopack_qfn50p600x600x90-32n.PcbLib"                 ,""               ,""                  ,"DigiKey"    ,"497-VN9E30FTRCT-ND"            ,"LCSC"       ,"C29447350"              ,"Mouser"           ,"511-VN9E30FTR"          ,"6-channel high-side driver, 35 A typical current limit, 32-QFN (6x6)"                                            ,"Datasheet"                 ,"https://www.st.com/resource/en/datasheet/vn9e30f.pdf"                                                                                                                   ,""                          ,""
"SI8662BB-B-IS1"           ,"Skyworks Solutions"            ,"SI8662BB-B-IS1"         ,"symbols/skyworks/si8662bb-b-is1.SchLib"    ,"16SOIC150"                                ,"footprints/common/16soic150.PcbLib"                                   ,""               ,""                  ,"DigiKey"    ,"SI8662BB-B-IS1-ND"             ,"LCSC"       ,"C430287"                ,"Mouser"           ,"634-SI8662BB-B-IS1"     ,"6-ch 2.5kV Isolator, 150M, 4/2, NB SOIC16, lead free"                                                            ,"Datasheet"                 ,"https://www.skyworksinc.com/-/media/Skyworks/SL/documents/public/data-sheets/Si866x.pdf"                                                                                ,""                          ,""
"ROL-0505S"                ,"Recom"                         ,"ROL-0505S"              ,"symbols/recom/rol-0505s.SchLib"            ,"4SIP"                                     ,"footprints/common/4sip.PcbLib"                                        ,""               ,""                  ,"DigiKey"    ,"945-1949-5-ND"                 ,"LCSC"       ,"C22372006"              ,""                 ,""                       ,"5V to 5V isolated power supply module"                                                                           ,"Datasheet"                 ,"https://recom-power.com/pdf/Econoline/ROL.pdf"                                                                                                                          ,""                          ,""
"TPS79933QDDCRQ1"          ,"Texas Instruments"             ,"TPS79933QDDCRQ1"        ,"symbols/ti/tps79933qddcrq1.SchLib"         ,"5SOT23"                                   ,"footprints/common/5sot23.PcbLib"                                      ,""               ,""                  ,"DigiKey"    ,"296-24852-1-ND"                ,"LCSC"       ,"C2865613"               ,"Mouser"           ,"595-TPS79933QDDCRQ1"    ,"Fixed Positive LDO Regulator, 3.3V, 0.16V Dropout, BICMOS, PDSO5"                                                ,"Datasheet"                 ,"https://www.ti.com/lit/ds/symlink/tps799-q1.pdf"                                                                                                                        ,""                          ,""
"USB2534I-1080AEN"         ,"Microchip"                     ,"USB2534I-1080AEN"       ,"symbols/microchip/usb2534i-1080aen.SchLib" ,"QFN50P600X600X90-36N"                     ,"footprints/common/qfn50p600x600x90-36n.PcbLib"                        ,""               ,""                  ,"DigiKey"    ,"USB2534I-1080AEN-ND"           ,"LCSC"       ,"C626674"                ,"Mouser"           ,"579-USB2534I-1080AEN"   ,"USB Bus Controller, CMOS"                                                                                        ,"Datasheet"                 ,"https://ww1.microchip.com/downloads/aemDocuments/documents/UNG/ProductDocuments/DataSheets/USB2534-Data-Sheet-DS00001713.pdf"                                           ,"Product page"              ,"https://www.microchip.com/en-us/product/USB2534"
"ISM330DLC"                ,"ST Microelectronics"           ,"ISM330DLC"              ,"symbols/st/ism330dlc.SchLib"               ,"ST_LGA-14L"                               ,"footprints/st/st_lga-14l.PcbLib"                                      ,""               ,""                  ,"DigiKey"    ,"497-17583-6-ND"                ,"LCSC"       ,"C2943126"               ,""                 ,""                       ,"ST ACCELEROMETER/GYROSCOPE 3D 14LGA LOW POWER"                                                                   ,"Datasheet"                 ,"https://www.st.com/resource/en/datasheet/ism330dlc.pdf"                                                                                                                 ,""                          ,""
"LAN8670D0T-E/LMX"         ,"Microchip"                     ,"LAN8670D0T-E/LMX"       ,"symbols/microchip/lan8670d0t-e_lmx.SchLib" ,"QFN50P500X500X90-32N"                     ,"footprints/common/qfn50p500x500x90-32n.PcbLib"                        ,""               ,""                  ,"DigiKey"    ,"150-LAN8670D0T-E/LMXTR-ND"     ,""           ,""                       ,"Microchip Direct" ,"LAN8670D0T-E/LMX"       ,"10BASE-T1S half-duplex Ethernet PHY with MII/RMII, 32-VQFN (5x5)"                                                ,"Datasheet"                 ,"https://ww1.microchip.com/downloads/aemDocuments/documents/AIS/ProductDocuments/DataSheets/LAN8670-1-2-Data-Sheet-60001573.pdf"                                         ,""                          ,""
"ACT1210D-131-2P-TL00"     ,"TDK Corporation"               ,"__template_transformer" ,"symbols/inductor.SchLib"                   ,"CHOKE_ACT1210D-131-2P-TL00"               ,"footprints/tdk/tdk_choke_act1210d-131-2p-tl00.PcbLib"                 ,""               ,""                  ,"DigiKey"    ,"445-ACT1210D-131-2P-TL00CT-ND" ,"LCSC"       ,"C5547342"               ,"Mouser"           ,"810-ACT1210D1312PTL0"   ,"130 µH @ 100 kHz 2 Line Common Mode Choke Surface Mount 6.7 kOhms @ 10 MHz 115mA DCR 3.5Ohm"                     ,"Datasheet"                 ,"https://product.tdk.com/system/files/dam/doc/product/emc/emc/cmf_cmc/catalog/cmf_automotive_signal_act1210d_en.pdf"                                                     ,""                          ,""
"BME280"                   ,"Bosch Sensortec"               ,"BME280"                 ,"symbols/bosch/bme280.SchLib"               ,"BOSCH_BME280"                             ,"footprints/bosch/bosch_bme280.PcbLib"                                 ,""               ,""                  ,"DigiKey"    ,"828-1063-1-ND"                 ,"LCSC"       ,"C92489"                 ,"Mouser"           ,"262-BME280"             ,"Pressure, Temperature and Humidity Sensor Digital Output 1.8V 8-Pin LGA T/R"                                     ,"Datasheet"                 ,"https://www.bosch-sensortec.com/media/boschsensortec/downloads/datasheets/bst-bme280-ds002.pdf"                                                                         ,""                          ,""
"LC29HEAMD"                ,"Quectel"                       ,"LC29HEAMD"              ,"symbols/quectel/lc29heamd.SchLib"          ,"QUECTEL_LC29H"                            ,"footprints/quectel/quectel_lc29h.PcbLib"                              ,""               ,""                  ,"DigiKey"    ,"2958-LC29HEAMDCT-ND"           ,"LCSC"       ,"C28453488"              ,"Mouser"           ,"277--LC29HEAMD"         ,"Dual-band multi-constellation GNSS receiver module, surface mount"                                               ,"Datasheet"                 ,"https://www.quectel.com/content/uploads/2026/03/Quectel_LC29H_Series_GNSS_Module_Specification_V2.0.pdf"                                                                ,""                          ,""
"SM91502ALA-E"             ,"Bourns Inc."                   ,"SM91502ALA-E"           ,"symbols/bourns/sm91502ala-e.SchLib"        ,"BOURNS_SM91502"                           ,"footprints/bourns/bourns_sm91502.PcbLib"                              ,""               ,""                  ,"DigiKey"    ,"118-SM91502ALA-ECT-ND"         ,"LCSC"       ,"C5337144"               ,"Mouser"           ,"652-SM91502ALA-E"       ,"Surface-mount 1:1 BMS transformer with integrated common-mode choke"                                             ,"Datasheet"                 ,"https://www.bourns.com/docs/product-datasheets/sm91502ala.pdf"                                                                                                          ,""                          ,""
"MCP1502T-25E/CHY"         ,"Microchip"                     ,"MCP1502T-25E/CHY"       ,"symbols/microchip/mcp1502t-25e_chy.SchLib" ,"6SOT23"                                   ,"footprints/common/6sot23.PcbLib"                                      ,""               ,""                  ,"DigiKey"    ,"150-MCP1502T-25E/CHYCT-ND"     ,"LCSC"       ,"C3680051"               ,"Mouser"           ,"579-MCP1502T-25E/CHY"   ,"2.5 V precision voltage reference, ±0.1%, 7 ppm/°C, 20 mA, SOT-23-6"                                             ,"Datasheet"                 ,"https://ww1.microchip.com/downloads/aemDocuments/documents/MSLD/ProductDocuments/DataSheets/MCP1502-Data-Sheet-20006593B.pdf"                                           ,""                          ,""
"TLV379IDCKR"              ,"Texas Instruments"             ,"TLV379IDCKR"            ,"symbols/ti/tlv379idckr.SchLib"             ,"5SC70"                                    ,"footprints/common/5sc70.PcbLib"                                       ,""               ,""                  ,"DigiKey"    ,"296-47844-1-ND"                ,"LCSC"       ,"C2860386"               ,"Mouser"           ,"595-TLV379IDCKR"        ,"Low-Voltage, 4-µA, Rail-to-Rail I/O Operational Amplifier for Cost-Sensitive Systems 5-SC70 -40 to 125"          ,"Datasheet"                 ,"https://www.ti.com/lit/ds/symlink/tlv379.pdf"                                                                                                                           ,""                          ,""
"CPC1150NTR"               ,"Littelfuse"                    ,"CPC1150NTR"             ,"symbols/littelfuse/cpc1150ntr.SchLib"      ,"4SMD300"                                  ,"footprints/common/4smd300.PcbLib"                                     ,""               ,""                  ,"DigiKey"    ,"5656-CPC1150NTRCT-ND"          ,"LCSC"       ,"C5299824"               ,"Mouser"           ,"849-CPC1150NTR"         ,"CPC1150N Series SPST 120 mA 350 V Single Channel Solid State Relay SMT - SOIC-4"                                 ,"Datasheet"                 ,"https://www.littelfuse.com/assetdocs/littelfuse-integrated-circuits-cpc1150n-datasheet?assetguid=7f3e9a05-5c4a-493e-bfe5-2075df32c7f9"                                  ,""                          ,""
"ECLB40W-110S15"           ,"Cincon Electronics Co. LTD"    ,"ECLB40W-110S15"         ,"symbols/cincon/eclb40w-110s15.SchLib"      ,"CINCON_ECLB"                              ,"footprints/cincon/cincon_eclb.PcbLib"                                 ,""               ,""                  ,"DigiKey"    ,"2034-3307-ND"                  ,"LCSC"       ,"C5726884"               ,"Mouser"           ,"418-ECLB40110S15"       ,"Isolated Module DC DC Converter 1 Output 15V 2.666A 43V - 160V Input"                                            ,"Datasheet"                 ,"https://www.cincon.com/productdownload/Datasheet-ECLB40W-110-series.pdf"                                                                                                ,"Application Note"          ,"https://www.cincon.com/productdownload/ECLB40W-110-series-application-note.pdf"
"MCP3914BA1T-E/MV"         ,"Microchip"                     ,"MCP3914BA1T-E/MV"       ,"symbols/microchip/mcp3914ba1t-e_mv.SchLib" ,"MICROCHIP_MV"                             ,"footprints/microchip/microchip_mv.PcbLib"                             ,""               ,""                  ,"DigiKey"    ,"150-MCP3914BA1T-E/MVCT-ND"     ,""           ,""                       ,"Mouser"           ,"579-MCP3914BA1T-E/MV"   ,"8 Channel AFE 24 Bit 40-UQFN (5x5)"                                                                              ,"Datasheet"                 ,"https://ww1.microchip.com/downloads/aemDocuments/documents/MSLD/ProductDocuments/MCP3914B-Data-Sheet-DS20007010.pdf"                                                    ,""                          ,""
"BQ25690RBAR"              ,"Texas Instruments"             ,"BQ25690RBAR"            ,"symbols/ti/bq25690rbar.SchLib"             ,"TI_RBA"                                   ,"footprints/ti/ti_rba.PcbLib"                                          ,""               ,""                  ,"DigiKey"    ,"296-BQ25690RBARCT-ND"          ,"LCSC"       ,"C53283868"              ,"Mouser"           ,"595-BQ25690RBAR"        ,"Charger IC Lithium Ion/Polymer 26-WQFN-HR (4x3.5)"                                                               ,"Datasheet"                 ,"https://www.ti.com/lit/ds/symlink/bq25690.pdf"                                                                                                                          ,""                          ,""
"TAS5720ATDAPRQ1"          ,"Texas Instruments"             ,"TAS5720ATDAPRQ1"        ,"symbols/ti/tas5720atdaprq1.SchLib"         ,"TI_DAP0032B"                              ,"footprints/ti/ti_dap0032b.PcbLib"                                     ,""               ,""                  ,"DigiKey"    ,"296-51621-1-ND"                ,"LCSC"       ,"C2879310"               ,"Mouser"           ,"595-TAS5720ATDAPRQ1"    ,"Amplifier IC 1-Channel (Mono) Class D 32-HTSSOP"                                                                 ,"Datasheet"                 ,"https://www.ti.com/lit/ds/symlink/tas5720a-q1.pdf"                                                                                                                      ,""                          ,""
"RTL8152B-VB-CG"           ,"REALTEK"                       ,"RTL8152B-VB-CG"         ,"symbols/realtek/rtl8152b-vb-cg.SchLib"     ,"24QFN4E"                                  ,"footprints/common/24qfn4e.PcbLib"                                     ,""               ,""                  ,""           ,""                              ,"LCSC"       ,"C50656"                 ,""                 ,""                       ,"Integrated 10/100M Ethernet Controller for USB Applications"                                                     ,"Datasheet"                 ,"https://www1.futureelectronics.com/doc/Realtek/Realtek-Semicon-RTL8152B-VB-CG_C50656.pdf"                                                                               ,""                          ,""
"HOLE_M2"                  ,""                              ,"HOLE"                   ,"symbols/sscp/hole.SchLib"                  ,"HOLE_M2"                                  ,"footprints/common/hole_m2.PcbLib"                                     ,""               ,""                  ,""           ,""                              ,""           ,""                       ,""                 ,""                       ,""                                                                                                                ,""                          ,""                                                                                                                                                                       ,""                          ,""
"BQ79616PAPRQ1"            ,"Texas Instruments"             ,"BQ79616PAPRQ1"          ,"symbols/ti/bq79616paprq1.SchLib"           ,"TI_PAP0064F"                              ,"footprints/ti/ti_pap0064f.PcbLib"                                     ,""               ,""                  ,"DigiKey"    ,"296-BQ79616PAPRQ1CT-ND"        ,"LCSC"       ,"C3682338"               ,"Mouser"           ,"595-BQ79616PAPRQ1"      ,"IC MONITOR BATT STACK"                                                                                           ,"Datasheet"                 ,"https://www.ti.com/lit/ds/symlink/bq79616-q1.pdf"                                                                                                                       ,""                          ,""
"STM32H563RGT6"            ,"ST Microelectronics"           ,"STM32H563RGT6"          ,"symbols/st/stm32h563rgt6.SchLib"           ,"64TQFP10"                                 ,"footprints/common/64tqfp10.PcbLib"                                    ,""               ,""                  ,"DigiKey"    ,"497-STM32H563RGT6-ND"          ,"LCSC"       ,"C22470894"              ,"Mouser"           ,"511-STM32H563RGT6"      ,"ARM® Cortex®-M33 STM32H5 Microcontroller IC 32-Bit 250MHz 1MB (1M x 8) FLASH 64-LQFP (10x10)"                    ,"Datasheet"                 ,"https://www.st.com/resource/en/datasheet/stm32h562ag.pdf"                                                                                                               ,"Reference Manual"          ,"https://www.st.com/resource/en/reference_manual/rm0481-stm32h52333xx-stm32h56263xx-and-stm32h573xx-armbased-32bit-mcus-stmicroelectronics.pdf"
"TEST_GRABBER"             ,""                              ,"TEST_GRABBER"           ,"symbols/sscp/test_grabber.SchLib"          ,"TP_GRABBY"                                ,"footprints/sscp/tp_grabby.PcbLib"                                     ,""               ,""                  ,""           ,""                              ,""           ,""                       ,""                 ,""                       ,"EMBEDDED TEST POINT FOR SALEAE TEST CLIPS"                                                                       ,""                          ,""                                                                                                                                                                       ,""                          ,""
"SMTSO-M2-10ET"            ,"Sinhoo"                        ,"SMTSO-M2-10ET"          ,"symbols/sinhoo/smtso-m2-10et.SchLib"       ,"SINHOO_SMTSO20100CTJ"                     ,"footprints/sinhoo/sinhoo_smtso20100ctj.PcbLib"                        ,""               ,""                  ,""           ,""                              ,"LCSC"       ,"C2928171"               ,""                 ,""                       ,"Standoff M2 x 0.4, tin-plated, 10 mm height"                                                                     ,"Catalog"                   ,"https://www.lcsc.com/datasheet/C2928171.pdf"                                                                                                                            ,""                          ,""
"LAN8742AI-CZ-TR"          ,"Microchip"                     ,"LAN8742AI-CZ-TR"        ,"symbols/microchip/lan8742ai-cz-tr.SchLib"  ,"24QFN4E"                                  ,"footprints/common/24qfn4e.PcbLib"                                     ,""               ,""                  ,"DigiKey"    ,"LAN8742AI-CZ-CT-ND"            ,"LCSC"       ,"C153279"                ,"Mouser"           ,"579-LAN8742AI-CZ-TR"    ,"Ethernet Transceiver, PQCC24"                                                                                    ,"Datasheet"                 ,"https://ww1.microchip.com/downloads/aemDocuments/documents/OTH/ProductDocuments/DataSheets/DS_LAN8742_00001989A.pdf"                                                    ,""                          ,""
"MT3406"                   ,"XI'AN Aerosemi Tech"           ,"MT3406"                 ,"symbols/aerosemi/mt3406.SchLib"            ,"5SOT23"                                   ,"footprints/common/5sot23.PcbLib"                                      ,""               ,""                  ,""           ,""                              ,"LCSC"       ,"C22462728"              ,""                 ,""                       ,"1 A synchronous buck converter, 2–6 V input, 1.5 MHz, 0.6 V minimum output, 10 µA typical quiescent current, SOT-23-5","Datasheet"                 ,"https://www.lcsc.com/datasheet/C22462728.pdf"                                                                                                                           ,""                          ,""
"DAC80501MDGSR"            ,"Texas Instruments"             ,"DAC80501MDGSR"          ,"symbols/ti/dac80501mdgsr.SchLib"           ,"TI_DGS"                                   ,"footprints/ti/ti_dgs.PcbLib"                                          ,""               ,""                  ,"DigiKey"    ,"296-DAC80501MDGSRCT-ND"        ,"LCSC"       ,"C1852032"               ,"Mouser"           ,"595-DAC80501MDGSR"      ,"16 Bit Digital to Analog Converter 1 10-VSSOP, midscale output at startup"                                       ,"Datasheet"                 ,"https://www.ti.com/lit/ds/symlink/dac80501.pdf"                                                                                                                         ,""                          ,""
"DAC80501ZDGSR"            ,"Texas Instruments"             ,"DAC80501MDGSR"          ,"symbols/ti/dac80501mdgsr.SchLib"           ,"TI_DGS"                                   ,"footprints/ti/ti_dgs.PcbLib"                                          ,""               ,""                  ,"DigiKey"    ,"296-DAC80501ZDGSRCT-ND"        ,"LCSC"       ,"C1852033"               ,"Mouser"           ,"595-DAC80501ZDGSR"      ,"16 Bit Digital to Analog Converter 1 10-VSSOP, zero output at startup"                                           ,"Datasheet"                 ,"https://www.ti.com/lit/ds/symlink/dac80501.pdf"                                                                                                                         ,""                          ,""
"CA-IS3741LB"              ,"Chipanalog"                    ,"CA-IS3741LB"            ,"symbols/chipanalog/ca-is3741lb.SchLib"     ,"16SSOP635"                                ,"footprints/common/16ssop635.PcbLib"                                   ,""               ,""                  ,""           ,""                              ,"LCSC"       ,"C3202820"               ,""                 ,""                       ,"150Mbps 150kV/µs 2.5V~5.5V 2.5V~5.5V 3 3750 Low Level SSOP-16-150mil Digital Isolators ROHS"                     ,"Datasheet"                 ,"https://e.chipanalog.com/Public/Uploads/uploadfile/files/20250123/CAIS374xdatasheetVersion1.08en20241217.pdf"                                                           ,""                          ,""
"DC21-V0505SLF"            ,"HALO Electronics, Inc."        ,"DC21-V0505SLF"          ,"symbols/halo/dc21-v0505slf.SchLib"         ,"HALO_DC21"                                ,"footprints/halo/halo_dc21.PcbLib"                                     ,""               ,""                  ,"DigiKey"    ,"5843-DC21-V0505SLF-ND"         ,""           ,""                       ,"Mouser"           ,"493-DC21-V0505SLF"      ,"Isolated Module DC DC Converter 1 Output 5V 400mA 4.5V - 5.5V Input"                                             ,"Datasheet"                 ,"https://www.haloelectronics.com/pdf/dc-converter-1w2w.pdf"                                                                                                              ,""                          ,""
"TPS51386RJNR"             ,"Texas Instruments"             ,"TPS51386RJNR"           ,"symbols/ti/tps51386rjnr.SchLib"            ,"TI_RJN"                                   ,"footprints/ti/ti_rjn.PcbLib"                                          ,""               ,""                  ,"DigiKey"    ,"296-TPS51386RJNRCT-ND"         ,"LCSC"       ,"C22388893"              ,"Mouser"           ,"595-TPS51386RJNR"       ,"Buck Switching Regulator IC Positive Adjustable 0.6V 1 Output 8A 12-PowerVFQFN"                                  ,"Datasheet"                 ,"https://www.ti.com/lit/ds/symlink/tps51386.pdf"                                                                                                                         ,""                          ,""
"TCAL9539PWR"              ,"Texas Instruments"             ,"TCAL9539PWR"            ,"symbols/ti/tcal9539pwr.SchLib"             ,"24TSSOP65"                                ,"footprints/common/24tssop65.PcbLib"                                   ,""               ,""                  ,"DigiKey"    ,"296-TCAL9539PWRCT-ND"          ,"LCSC"       ,"C22445412"              ,"Mouser"           ,"595-TCAL9539PWR"        ,"I/O Expander 16 I2C, SMBus 1 MHz 24-TSSOP"                                                                       ,"Datasheet"                 ,"https://www.ti.com/lit/gpn/TCAL9539"                                                                                                                                    ,""                          ,""
"TLV9051IDCKR"             ,"Texas Instruments"             ,"TLV9051IDCKR"           ,"symbols/ti/tlv9051idckr.SchLib"            ,"5SC70"                                    ,"footprints/common/5sc70.PcbLib"                                       ,""               ,""                  ,"DigiKey"    ,"296-TLV9051IDCKRCT-ND"         ,"LCSC"       ,"C2873238"               ,"Mouser"           ,"595-TLV9051IDCKR"       ,"Single 5 MHz rail-to-rail input/output operational amplifier, 15 V/µs slew rate, SC70-5"                         ,"Datasheet"                 ,"https://www.ti.com/lit/ds/symlink/tlv9051.pdf"                                                                                                                          ,""                          ,""